compound	lemma	lv_form	stem	lv_word	coda	linking_vowel	lv_freq	lemma_freq	nlv_form	nlv_word	nlv_freq	lv_odds	lv_log_odds	length	log_lemma_freq	log_freq
T	frekvenciaválasz	frekvenciaválaszot	frekvenciaválas	frekvenciaválasot	s	o	2	299	frekvenciaválaszt	frekvenciaválast	33	0.06060606060606061	-2.803360380906535	15	5.700443573390687	3.5553480614894135
T	hiedelemrendszer	hiedelemrendszeret	hiedelemrendser	hiedelemrendseret	r	e	2	2004	hiedelemrendszert	hiedelemrendsert	162	0.012345679012345678	-4.394449154672439	15	7.602900462204755	5.099866427824199
T	hódmezővásárhely	hódmezővásárhelyet	hódmezővášárhej	hódmezővášárhejet	j	e	193	95567	hódmezővásárhelyt	hódmezővášárhejt	1517	0.12722478576137114	-2.0617997904436467	15	11.467582851163785	7.444248649496705
T	iskolafelvétel	iskolafelvételet	iškolafelvétel	iškolafelvételet	l	e	3	22	iskolafelvételt	iškolafelvételt	2	1.5	0.4054651081081644	14	3.091042453358316	1.6094379124341003
T	porcelánfajansz	porcelánfajanszot	porcelánfajans	porcelánfajansot	ns	o	5	175	porcelánfajanszt	porcelánfajanst	8	0.625	-0.4700036292457356	14	5.1647859739235145	2.5649493574615367
T	levelezőkliens	levelezőklienset	levelezőklienš	levelezőklienšet	nš	e	2	1104	levelezőklienst	levelezőklienšt	136	0.014705882352941176	-4.219507705176107	14	7.00669522683704	4.927253685157205
T	gordonkaverseny	gordonkaversenyet	gordonkaveršeṉ	gordonkaveršeṉet	ṉ	e	2	1438	gordonkaversenyt	gordonkaveršeṉt	116	0.017241379310344827	-4.060443010546419	14	7.271008538280992	4.770684624465665
T	inerciarendszer	inerciarendszeret	inerciarendser	inerciarendseret	r	e	2	2718	inerciarendszert	inerciarendsert	130	0.015384615384615385	-4.174387269895637	14	7.907651594711089	4.882801922586371
T	szerencsejátékos	szerencsejátékosot	serenčejátékoš	serenčejátékošot	š	o	2	4333	szerencsejátékost	serenčejátékošt	145	0.013793103448275862	-4.283586561860629	14	8.374015421739909	4.990432586778736
T	termékszegmens	termékszegmenset	terméksegmenš	terméksegmenšet	nš	e	3	391	termékszegmenst	terméksegmenšt	13	0.23076923076923078	-1.466337068793427	13	5.968707559985366	2.772588722239781
T	takaréktűzhely	takaréktűzhelyet	takaréktűzhej	takaréktűzhejet	j	e	38	576	takaréktűzhelyt	takaréktűzhejt	12	3.1666666666666665	1.1526795099383853	13	6.3561076606958915	3.912023005428146
T	csokoládéműhely	csokoládéműhelyet	čokoládéműhej	čokoládéműhejet	j	e	2	781	csokoládéműhelyt	čokoládéműhejt	33	0.06060606060606061	-2.803360380906535	13	6.660575149839686	3.5553480614894135
T	tarifarendszer	tarifarendszeret	tarifarendser	tarifarendseret	r	e	3	2401	tarifarendszert	tarifarendsert	339	0.008849557522123894	-4.727387818712341	13	7.783640596221253	5.834810737062605
T	somlóvásárhely	somlóvásárhelyet	šomlóvášárhej	šomlóvášárhejet	j	e	186	2876	somlóvásárhelyt	šomlóvášárhejt	331	0.5619335347432024	-0.5763717016638616	13	7.964155718840937	6.248042874508429
T	tehetségműhely	tehetségműhelyet	tehetšégműhej	tehetšégműhejet	j	e	2	3635	tehetségműhelyt	tehetšégműhejt	57	0.03508771929824561	-3.349904087274605	13	8.19836438996762	4.07753744390572
T	világítótorony	világítótoronyot	világítótoroṉ	világítótoroṉot	ṉ	o	12	14437	világítótoronyt	világítótoroṉt	7	1.7142857142857142	0.5389965007326869	13	9.577549634629815	2.9444389791664403
T	székelyudvarhely	székelyudvarhelyet	sékejudvarhej	sékejudvarhejet	j	e	75	20193	székelyudvarhelyt	sékejudvarhejt	117	0.6410256410256411	-0.44468582126144557	13	9.913091288678823	5.2574953720277815
T	krumplifasír	krumplifasírot	krumplifašír	krumplifašírot	r	o	13	18	krumplifasírt	krumplifašírt	5	2.6	0.9555114450274363	12	2.8903717578961645	2.8903717578961645
T	desszertműhely	desszertműhelyet	dessertműhej	dessertműhejet	j	e	3	142	desszertműhelyt	dessertműhejt	8	0.375	-0.9808292530117262	12	4.955827057601261	2.3978952727983707
T	homlokegyenes	homlokegyeneset	homlokeḏeneš	homlokeḏenešet	š	e	2	379	homlokegyenest	homlokeḏenešt	22	0.09090909090909091	-2.3978952727983707	12	5.937536205082426	3.1780538303479458
T	zöldségfasír	zöldségfasírot	zöldšégfašír	zöldšégfašírot	r	o	30	592	zöldségfasírt	zöldšégfašírt	562	0.05338078291814947	-2.930304468231536	12	6.3835066348840055	6.3835066348840055
F	szubkontinens	szubkontinenset	subkontinenš	subkontinenšet	nš	e	3	2930	szubkontinenst	subkontinenšt	177	0.01694915254237288	-4.07753744390572	12	7.982757702011113	5.19295685089021
T	villanytűzhely	villanytűzhelyet	villaṉtűzhej	villaṉtűzhejet	j	e	119	3330	villanytűzhelyt	villaṉtűzhejt	133	0.8947368421052632	-0.11122563511022437	12	8.110727582974489	5.529429087511423
T	mindenmentes	mindenmenteset	mindenmenteš	mindenmentešet	š	e	2	12837	mindenmentest	mindenmentešt	5	0.4	-0.916290731874155	12	9.460086905084927	1.9459101490553132
T	kristálycukor	kristálycukorot	krištájcukor	krištájcukorot	r	o	2	21491	kristálycukort	krištájcukort	23	0.08695652173913043	-2.4423470353692043	12	9.975389521825207	3.2188758248682006
T	mentéslemez	mentéslemezet	mentéšlemez	mentéšlemezet	z	e	3	7	mentéslemezt	mentéšlemezt	3	1	0	11	1.9459101490553132	1.791759469228055
T	játékkliens	játékklienset	játékklienš	játékklienšet	nš	e	2	46	játékklienst	játékklienšt	5	0.4	-0.916290731874155	11	3.828641396489095	1.9459101490553132
T	tömegtűzhely	tömegtűzhelyet	tömegtűzhej	tömegtűzhejet	j	e	2	73	tömegtűzhelyt	tömegtűzhejt	7	0.2857142857142857	-1.252762968495368	11	4.290459441148391	2.1972245773362196
T	trombitajel	trombitajelet	trombitajel	trombitajelet	l	e	14	108	trombitajelt	trombitajelt	2	7	1.9459101490553132	11	4.68213122712422	2.772588722239781
T	kovácstűzhely	kovácstűzhelyet	kováčtűzhej	kováčtűzhejet	j	e	3	121	kovácstűzhelyt	kováčtűzhejt	5	0.6	-0.5108256237659907	11	4.795790545596741	2.0794415416798357
T	aláhúzásjel	aláhúzásjelet	aláhúzášjel	aláhúzášjelet	l	e	37	173	aláhúzásjelt	aláhúzášjelt	2	18.5	2.917770732084279	11	5.153291594497779	3.6635616461296463
T	szobrászműhely	szobrászműhelyet	sobrásműhej	sobrásműhejet	j	e	9	344	szobrászműhelyt	sobrásműhejt	23	0.391304347826087	-0.9382696385929302	11	5.840641657373398	3.4657359027997265
T	szervizműhely	szervizműhelyet	servizműhej	servizműhejet	j	e	2	740	szervizműhelyt	servizműhejt	50	0.04	-3.2188758248682006	11	6.606650186198215	3.9512437185814275
T	barkácsműhely	barkácsműhelyet	barkáčműhej	barkáčműhejet	j	e	3	907	barkácsműhelyt	barkáčműhejt	31	0.0967741935483871	-2.3353749158170367	11	6.810142450115136	3.5263605246161616
T	cukrászműhely	cukrászműhelyet	cukrásműhej	cukrásműhejet	j	e	3	952	cukrászműhelyt	cukrásműhejt	87	0.034482758620689655	-3.367295829986474	11	6.858565034791365	4.499809670330265
T	melegedőhely	melegedőhelyet	melegedőhej	melegedőhejet	j	e	96	1095	melegedőhelyt	melegedőhejt	6	16	2.772588722239781	11	6.9985096422506015	4.624972813284271
T	fegyverkovács	fegyverkovácsot	feḏverkováč	feḏverkováčot	č	o	48	1792	fegyverkovácst	feḏverkováčt	4	12	2.4849066497880004	11	7.491087593534876	3.9512437185814275
T	járásszékhely	járásszékhelyet	járássékhej	járássékhejet	j	e	9	2179	járásszékhelyt	járássékhejt	2	4.5	1.5040773967762742	11	7.68662133494462	2.3978952727983707
T	szerelőműhely	szerelőműhelyet	serelőműhej	serelőműhejet	j	e	4	3146	szerelőműhelyt	serelőműhejt	150	0.02666666666666667	-3.624340932976365	11	8.053887083618223	5.0369526024136295
T	főkomponens	főkomponenset	főkomponenš	főkomponenšet	nš	e	3	3250	főkomponenst	főkomponenšt	152	0.019736842105263157	-3.925268232178167	11	8.086410275323782	5.043425116919247
T	javítóműhely	javítóműhelyet	javítóműhej	javítóműhejet	j	e	13	3285	javítóműhelyt	javítóműhejt	261	0.04980842911877394	-2.9995710498611565	11	8.09712193091871	5.6131281063880705
F	koefficiens	koefficienset	koefficienš	koefficienšet	nš	e	4	3396	koefficienst	koefficienšt	167	0.023952095808383235	-3.7316994512968646	11	8.130353547431238	5.14166355650266
T	kilátótorony	kilátótoronyot	kilátótoroṉ	kilátótoroṉot	ṉ	o	3	3523	kilátótoronyt	kilátótoroṉt	2	1.5	0.4054651081081644	11	8.167068178341237	1.6094379124341003
T	neoreneszánsz	neoreneszánszot	neorenesáns	neorenesánsot	ns	o	2	5652	neoreneszánszt	neorenesánst	18	0.1111111111111111	-2.1972245773362196	11	8.6397647438044185	2.995732273553991
T	szakreferens	szakreferenset	sakreferenš	sakreferenšet	nš	e	5	7582	szakreferenst	sakreferenšt	220	0.022727272727272728	-3.784189633918261	11	8.93353229607628	5.41610040220442
T	alkotóműhely	alkotóműhelyet	alkotóműhej	alkotóműhejet	j	e	16	9207	alkotóműhelyt	alkotóműhejt	491	0.032586558044806514	-3.423855405554739	11	9.127719343287845	6.2285110035911835
T	harangtorony	harangtoronyot	harangtoroṉ	harangtoroṉot	ṉ	o	15	10412	harangtoronyt	harangtoroṉt	4	3.75	1.3217558399823195	11	9.250714266114455	2.9444389791664403
T	vitapartner	vitapartneret	vitapartner	vitapartneret	r	e	9	12215	vitapartnert	vitapartnert	441	0.02040816326530612	-3.891820298110627	11	9.41041998369184	6.1092475827643655
F	következmény	következményet	következméṉ	következméṉet	ṉ	e	53	860625	következményt	következméṉt	4943	0.010722233461460652	-4.535435799754837	11	13.665414148465056	8.516392871245468
T	tanárműhely	tanárműhelyet	tanárműhej	tanárműhejet	j	e	4	24	tanárműhelyt	tanárműhejt	7	0.5714285714285714	-0.5596157879354228	10	3.1780538303479458	2.3978952727983707
T	szerencsejel	szerencsejelet	serenčejel	serenčejelet	l	e	5	58	szerencsejelt	serenčejelt	10	0.5	-0.6931471805599453	10	4.060443010546419	2.70805020110221
T	munkaműhely	munkaműhelyet	munkaműhej	munkaműhejet	j	e	3	239	munkaműhelyt	munkaműhejt	24	0.125	-2.0794415416798357	10	5.476463551931511	3.295836866004329
T	csikótűzhely	csikótűzhelyet	čikótűzhej	čikótűzhejet	j	e	38	276	csikótűzhelyt	čikótűzhejt	11	3.4545454545454546	1.2396908869280152	10	5.62040086571715	3.8918202981106265
T	rizottórizs	rizottórizset	rizottóriž	rizottórižet	ž	e	2	299	rizottórizst	rizottórižt	102	0.0196078431372549	-3.9318256327243257	10	5.700443573390687	4.6443908991413725
F	pentameter	pentameteret	pentameter	pentameteret	r	e	3	364	pentametert	pentametert	21	0.14285714285714285	-1.9459101490553135	10	5.8971538676367405	3.1780538303479458
T	energiafűz	energiafűzet	energiafűz	energiafűzet	z	e	9	380	energiafűzt	energiafűzt	5	1.8	0.5877866649021191	10	5.940171252720432	2.6390573296152584
T	színvariáns	színvariánsot	sínvariánš	sínvariánšot	nš	o	4	408	színvariánst	sínvariánšt	20	0.2	-1.6094379124341003	10	6.0112671744041615	3.1780538303479458
T	varróműhely	varróműhelyet	varróműhej	varróműhejet	j	e	3	509	varróműhelyt	varróműhejt	33	0.09090909090909091	-2.3978952727983707	10	6.2324480165505225	3.58351893845611
T	cipészműhely	cipészműhelyet	cipésműhej	cipésműhejet	j	e	3	785	cipészműhelyt	cipésműhejt	75	0.04	-3.2188758248682006	10	6.665683717782408	4.356708826689592
F	komplemens	komplemenset	komplemenš	komplemenšet	nš	e	2	1090	komplemenst	komplemenšt	21	0.09523809523809523	-2.3513752571634776	10	6.993932975223189	3.1354942159291497
T	nyírfalevél	nyírfalevélet	ṉírfalevél	ṉírfalevélet	l	e	4	1256	nyírfalevélt	ṉírfalevélt	54	0.07407407407407407	-2.6026896854443837	10	7.135687347028144	4.060443010546419
T	médiaműhely	médiaműhelyet	médiaműhej	médiaműhejet	j	e	2	1257	médiaműhelyt	médiaműhejt	32	0.0625	-2.772588722239781	10	7.136483208590247	3.5263605246161616
T	szaunaszeánsz	szaunaszeánszot	saunaseáns	saunaseánsot	ns	o	31	1324	szaunaszeánszt	saunaseánst	14	2.2142857142857144	0.7949298748698876	10	7.188412736496954	3.8066624897703196
T	gombaleves	gombaleveset	gombaleveš	gombalevešet	š	e	8	1721	gombalevest	gombalevešt	486	0.01646090534979424	-4.1067670822206574	10	7.450660796211539	6.202535517187923
T	kutyamenhely	kutyamenhelyet	kuṯamenhej	kuṯamenhejet	j	e	176	2124	kutyamenhelyt	kuṯamenhejt	18	9.777777777777779	2.2801122371419873	10	7.66105638236183	5.267858159063328
T	kovácsműhely	kovácsműhelyet	kováčműhej	kováčműhejet	j	e	42	6236	kovácsműhelyt	kováčműhejt	598	0.07023411371237458	-2.6559211356672634	10	8.738094230177667	6.461468176353717
T	nyírfacukor	nyírfacukorot	ṉírfacukor	ṉírfacukorot	r	o	2	16848	nyírfacukort	ṉírfacukort	42	0.047619047619047616	-3.044522437723423	10	9.731987234373756	3.784189633918261
T	tudásbázis	tudásbázisot	tudášbáziš	tudášbázišot	š	o	26	22318	tudásbázist	tudášbázišt	2176	0.011948529411764705	-4.427147069954351	10	10.013148806745647	7.697121317282625
F	posztmodern	posztmodernet	postmodern	postmodernet	rn	e	16	40936	posztmodernt	postmodernt	325	0.04923076923076923	-3.011236460089956	10	10.619765150484927	5.831882477283517
T	megyeszékhely	megyeszékhelyet	meḏesékhej	meḏesékhejet	j	e	1530	90720	megyeszékhelyt	meḏesékhejt	310	4.935483870967742	1.5964507169072892	10	11.415533118961578	7.517520850603031
T	háztűzhely	háztűzhelyet	háztűzhej	háztűzhejet	j	e	2	29	háztűzhelyt	háztűzhejt	4	0.5	-0.6931471805599453	9	3.367295829986474	1.791759469228055
T	nyakprofil	nyakprofilot	ṉakprofil	ṉakprofilot	l	o	2	82	nyakprofilt	ṉakprofilt	14	0.14285714285714285	-1.9459101490553135	9	4.406719247264253	2.772588722239781
T	szitaműhely	szitaműhelyet	sitaműhej	sitaműhejet	j	e	9	102	szitaműhelyt	sitaműhejt	22	0.4090909090909091	-0.8938178760220964	9	4.624972813284271	3.4339872044851463
T	diadaljel	diadaljelet	diadaljel	diadaljelet	l	e	12	117	diadaljelt	diadaljelt	3	4	1.3862943611198906	9	4.762173934797756	2.70805020110221
T	villanykar	villanykarot	villaṉkar	villaṉkarot	r	o	3	167	villanykart	villaṉkart	7	0.42857142857142855	-0.8472978603872037	9	5.117993812416755	2.302585092994046
T	pontvadász	pontvadászot	pontvadás	pontvadásot	s	o	2	184	pontvadászt	pontvadást	4	0.5	-0.6931471805599453	9	5.214935757608986	1.791759469228055
T	minihotel	minihotelet	minihotel	minihotelet	l	e	5	260	minihotelt	minihotelt	7	0.7142857142857143	-0.3364722366212129	9	5.560681631015528	2.4849066497880004
T	szemtengely	szemtengelyet	semtengej	semtengejet	j	e	3	375	szemtengelyt	semtengejt	6	0.5	-0.6931471805599453	9	5.926926025970411	2.1972245773362196
T	szolgasors	szolgasorsot	solgašorš	solgašoršot	rš	o	51	422	szolgasorst	solgašoršt	2	25.5	3.2386784521643803	9	6.045005314036012	3.970291913552122
T	horgonyhely	horgonyhelyet	horgoṉhej	horgoṉhejet	j	e	20	476	horgonyhelyt	horgoṉhejt	6	3.3333333333333335	1.2039728043259361	9	6.16541785423142	3.258096538021482
T	filmműhely	filmműhelyet	filmműhej	filmműhejet	j	e	2	591	filmműhelyt	filmműhejt	11	0.18181818181818182	-1.7047480922384253	9	6.3818160174060985	2.5649493574615367
T	gyümölcsrizs	gyümölcsrizset	ḏümölčriž	ḏümölčrižet	ž	e	3	609	gyümölcsrizst	ḏümölčrižt	150	0.02	-3.912023005428146	9	6.411818267709897	5.030437921392435
T	sósborszesz	sósborszeszet	šóšborses	šóšborseset	s	e	2	690	sósborszeszt	šóšborsest	134	0.014925373134328358	-4.204692619390966	9	6.536691597591305	4.912654885736052
T	raktárhely	raktárhelyet	raktárhej	raktárhejet	j	e	92	734	raktárhelyt	raktárhejt	2	46	3.828641396489095	9	6.598509028614515	4.543294782270004
T	tengermély	tengermélyet	tengerméj	tengerméjet	j	e	3	764	tengermélyt	tengerméjt	7	0.42857142857142855	-0.8472978603872037	9	6.638567789166521	2.302585092994046
F	konferansz	konferanszot	konferans	konferansot	ns	o	14	849	konferanszt	konferanst	5	2.8	1.0296194171811581	9	6.744059186311348	2.9444389791664403
T	jázminrizs	jázminrizset	jázminriž	jázminrižet	ž	e	4	945	jázminrizst	jázminrižt	299	0.013377926421404682	-4.314149212270796	9	6.851184927493743	5.713732805509369
T	nagytengely	nagytengelyet	naḏtengej	naḏtengejet	j	e	2	1234	nagytengelyt	naḏtengejt	23	0.08695652173913043	-2.4423470353692043	9	7.1180162044653335	3.2188758248682006
T	sajtműhely	sajtműhelyet	šajtműhej	šajtműhejet	j	e	5	1244	sajtműhelyt	šajtműhejt	70	0.07142857142857142	-2.639057329615259	9	7.126087273299125	4.31748811353631
T	árszegmens	árszegmenset	ársegmenš	ársegmenšet	nš	e	3	1351	árszegmenst	ársegmenšt	135	0.022222222222222223	-3.8066624897703196	9	7.208600337960199	4.927253685157205
F	csiripelés	csiripeléset	čiripeléš	čiripeléšet	š	e	2	1517	csiripelést	čiripeléšt	122	0.01639344262295082	-4.110873864173311	9	7.324489979348532	4.820281565605037
T	szomorúfűz	szomorúfűzet	somorúfűz	somorúfűzet	z	e	26	1708	szomorúfűzt	somorúfűzt	14	1.8571428571428572	0.6190392084062235	9	7.443078374348516	3.6888794541139363
T	filmművész	filmművészet	filmművés	filmművéset	s	e	2	2191	filmművészt	filmművést	32	0.0625	-2.772588722239781	9	7.692113339595466	3.5263605246161616
T	felségjel	felségjelet	felšégjel	felšégjelet	l	e	273	2464	felségjelt	felšégjelt	3	91	4.51085950651685	9	7.80954132465341	5.62040086571715
T	díszsírhely	díszsírhelyet	dísšírhej	dísšírhejet	j	e	569	2633	díszsírhelyt	dísšírhejt	14	40.642857142857146	3.7048231045110724	9	7.87587915949631	6.368187186350492
F	epidermisz	epidermiszet	epidermis	epidermiset	s	e	3	2744	epidermiszt	epidermist	394	0.007614213197969543	-4.877738620629824	9	7.917171988845776	5.983936280687191
F	posztamens	posztamenset	postamenš	postamenšet	nš	e	7	2777	posztamenst	postamenšt	92	0.07608695652173914	-2.575878427993727	9	7.9291264873067995	4.59511985013459
T	könyvműhely	könyvműhelyet	köṉvműhej	köṉvműhejet	j	e	7	2849	könyvműhelyt	köṉvműhejt	15	0.4666666666666667	-0.7621400520468967	9	7.954723334497908	3.091042453358316
T	csontkovács	csontkovácsot	čontkováč	čontkováčot	č	o	292	4913	csontkovácst	čontkováčt	3	97.33333333333333	4.578141513600172	9	8.499640032168648	5.68697535633982
T	fűtőpanel	fűtőpanelet	fűtőpanel	fűtőpanelet	l	e	3	5613	fűtőpanelt	fűtőpanelt	319	0.009404388714733543	-4.666578814116735	9	8.6328406149422	5.7745515455444085
T	zeneművész	zeneművészet	zeneművés	zeneművéset	s	e	3	6170	zeneművészt	zeneművést	126	0.023809523809523808	-3.7376696182833684	9	8.727454116899434	4.859812404361672
T	webtárhely	webtárhelyet	webtárhej	webtárhejet	j	e	700	7361	webtárhelyt	webtárhejt	5	140	4.941642422609304	9	8.903951072058707	6.558197802812269
T	tejmentes	tejmenteset	tejmenteš	tejmentešet	š	e	2	8747	tejmentest	tejmentešt	3	0.6666666666666666	-0.40546510810816444	9	9.076466063419854	1.6094379124341003
T	harcművész	harcművészet	harcművés	harcművéset	s	e	2	8975	harcművészt	harcművést	194	0.010309278350515464	-4.574710978503383	9	9.10219821335648	5.278114659230517
T	tereptárgy	tereptárgyet	tereptárḏ	tereptárḏet	rḏ	e	5	12437	tereptárgyt	tereptárḏt	2	2.5	0.9162907318741551	9	9.42843117965374	1.9459101490553132
T	alapember	alapemberet	alapember	alapemberet	r	e	2	12890	alapembert	alapembert	271	0.007380073800738007	-4.908971640319756	9	9.464207095933233	5.60947179518496
T	szőlőcukor	szőlőcukorot	sőlőcukor	sőlőcukorot	r	o	2	13853	szőlőcukort	sőlőcukort	15	0.13333333333333333	-2.0149030205422647	9	9.536257094657879	2.833213344056216
T	gáztűzhely	gáztűzhelyet	gáztűzhej	gáztűzhejet	j	e	622	13946	gáztűzhelyt	gáztűzhejt	440	1.4136363636363636	0.3461653658268726	9	9.542948007780955	6.967909201801884
F	delikvens	delikvenset	delikvenš	delikvenšet	nš	e	16	14413	delikvenst	delikvenšt	1850	0.008648648648648649	-4.75035219583259	9	9.575885856083103	7.531552381407289
T	táncművész	táncművészet	táncművés	táncművéset	s	e	3	16752	táncművészt	táncművést	301	0.009966777408637873	-4.608497976080766	9	9.726272933110318	5.717027701406222
T	tengervíz	tengervízet	tengervíz	tengervízet	z	e	9	22338	tengervízt	tengervízt	3	3	1.0986122886681098	9	10.014044543100772	2.4849066497880004
T	iparművész	iparművészet	iparművés	iparművéset	s	e	4	31494	iparművészt	iparművést	375	0.010666666666666666	-4.54063166485052	9	10.357552330480354	5.937536205082426
F	kimenetel	kimenetelet	kimenetel	kimenetelet	l	e	22	62406	kimenetelt	kimenetelt	2188	0.010054844606946984	-4.599700710183556	9	11.041416703581188	7.700747794511798
T	olívaolaj	olívaolajot	olívaolaj	olívaolajot	j	o	2	109393	olívaolajt	olívaolajt	296	0.006756756756756757	-4.997212273764115	9	11.602702181548095	5.697093486505405
F	komponens	komponenset	komponenš	komponenšet	nš	e	95	168785	komponenst	komponenšt	9290	0.01022604951560818	-4.582816940207343	9	12.036380994636241	9.14686794902061
F	kontinens	kontinenset	kontinenš	kontinenšet	nš	e	109	198435	kontinenst	kontinenšt	11784	0.009249830278343517	-4.683150075913322	9	12.19821686956459	9.383705270727246
T	webáruház	webáruházot	webáruház	webáruházot	z	o	5	526742	webáruházt	webáruházt	41	0.12195121951219512	-2.1041341542702074	9	13.174466144080768	3.828641396489095
T	majomméz	majommézet	majomméz	majommézet	z	e	3	11	majommézt	majommézt	2	1.5	0.4054651081081644	8	2.3978952727983707	1.6094379124341003
T	szövegmez	szövegmezot	sövegmez	sövegmezot	z	o	2	34	szövegmezt	sövegmezt	3	0.6666666666666666	-0.40546510810816444	8	3.5263605246161616	1.6094379124341003
T	murvahely	murvahelyet	murvahej	murvahejet	j	e	3	50	murvahelyt	murvahejt	2	1.5	0.4054651081081644	8	3.912023005428146	1.6094379124341003
T	lómenhely	lómenhelyet	lómenhej	lómenhejet	j	e	11	113	lómenhelyt	lómenhejt	2	5.5	1.7047480922384253	8	4.727387818712341	2.5649493574615367
T	sörműhely	sörműhelyet	šörműhej	šörműhejet	j	e	2	137	sörműhelyt	šörműhejt	4	0.5	-0.6931471805599453	8	4.919980925828125	1.791759469228055
T	fúriafűz	fúriafűzet	fúriafűz	fúriafűzet	z	e	6	141	fúriafűzt	fúriafűzt	2	3	1.0986122886681098	8	4.948759890378168	2.0794415416798357
T	kaparóél	kaparóélet	kaparóél	kaparóélet	l	e	3	147	kaparóélt	kaparóélt	12	0.25	-1.3862943611198906	8	4.990432586778736	2.70805020110221
T	középhely	középhelyet	középhej	középhejet	j	e	84	188	középhelyt	középhejt	16	5.25	1.6582280766035324	8	5.236441962829949	4.605170185988092
F	grenadin	grenadinet	grenadin	grenadinet	n	e	8	223	grenadint	grenadint	15	0.5333333333333333	-0.6286086594223742	8	5.407171771460119	3.1354942159291497
T	célhitel	célhitelet	célhitel	célhitelet	l	e	5	315	célhitelt	célhitelt	49	0.10204081632653061	-2.2823823856765264	8	5.752572638825633	3.9889840465642745
T	fényművész	fényművészet	féṉművés	féṉművéset	s	e	2	346	fényművészt	féṉművést	5	0.4	-0.916290731874155	8	5.846438775057725	1.9459101490553132
T	szállóhely	szállóhelyet	sállóhej	sállóhejet	j	e	41	399	szállóhelyt	sállóhejt	3	13.666666666666666	2.614959778036198	8	5.988961416889864	3.784189633918261
T	körömszél	körömszélet	körömsél	körömsélet	l	e	4	425	körömszélt	körömsélt	26	0.15384615384615385	-1.8718021769015913	8	6.052089168924417	3.4011973816621555
T	tésztaszél	tésztaszélet	téstasél	téstasélet	l	e	20	430	tésztaszélt	téstasélt	11	1.8181818181818181	0.5978370007556204	8	6.063785208687608	3.4339872044851463
T	barackíz	barackízet	barackíz	barackízet	z	e	2	449	barackízt	barackízt	96	0.020833333333333332	-3.871201010907891	8	6.1070228877422545	4.584967478670572
T	kilépőél	kilépőélet	kilépőél	kilépőélet	l	e	2	481	kilépőélt	kilépőélt	3	0.6666666666666666	-0.40546510810816444	8	6.175867270105761	1.6094379124341003
T	mínuszjel	mínuszjelet	mínusjel	mínusjelet	l	e	86	566	mínuszjelt	mínusjelt	2	43	3.7612001156935624	8	6.338594078203183	4.477336814478207
T	belépőél	belépőélet	belépőél	belépőélet	l	e	12	825	belépőélt	belépőélt	10	1.2	0.1823215567939546	8	6.715383386334681	3.091042453358316
T	zavarjel	zavarjelet	zavarjel	zavarjelet	l	e	106	878	zavarjelt	zavarjelt	7	15.142857142857142	2.717528945056754	8	6.777646593635117	4.727387818712341
T	pékműhely	pékműhelyet	pékműhej	pékműhejet	j	e	7	930	pékműhelyt	pékműhejt	86	0.08139534883720931	-2.5084371471981943	8	6.835184586147301	4.532599493153256
T	érdemjel	érdemjelet	érdemjel	érdemjelet	l	e	244	1019	érdemjelt	érdemjelt	19	12.842105263157896	2.5527292461267614	8	6.926577033222725	5.572154032177765
T	törökméz	törökmézet	törökméz	törökmézet	z	e	204	1040	törökmézt	törökmézt	4	51	3.9318256327243257	8	6.946975992135418	5.337538079701318
T	radarjel	radarjelet	radarjel	radarjelet	l	e	146	1160	radarjelt	radarjelt	4	36.5	3.597312260588446	8	7.05617528410041	5.0106352940962555
F	buzeráns	buzeránsot	buzeránš	buzeránšot	nš	o	2	1414	buzeránst	buzeránšt	25	0.08	-2.5257286443082556	8	7.254177846456518	3.295836866004329
T	unokabáty	unokabátyot	unokabáṯ	unokabáṯot	ṯ	o	4	1499	unokabátyt	unokabáṯt	4	1	0	8	7.312553498102598	2.0794415416798357
T	rendőrös	rendőröset	rendőröš	rendőröšet	š	e	2	1510	rendőröst	rendőröšt	22	0.09090909090909091	-2.3978952727983707	8	7.31986492980897	3.1780538303479458
T	gyümölcsíz	gyümölcsízet	ḏümölčíz	ḏümölčízet	z	e	5	1751	gyümölcsízt	ḏümölčízt	292	0.017123287671232876	-4.067315889834181	8	7.467942332285852	5.6937321388027
T	gépműhely	gépműhelyet	gépműhej	gépműhejet	j	e	3	1893	gépműhelyt	gépműhejt	110	0.02727272727272727	-3.6018680771243066	8	7.545918151209323	4.727387818712341
T	pincehely	pincehelyet	pincehej	pincehejet	j	e	17	2086	pincehelyt	pincehejt	14	1.2142857142857142	0.1941560144409574	8	7.643003635560718	3.4339872044851463
T	rovásjel	rovásjelet	rovášjel	rovášjelet	l	e	82	2089	rovásjelt	rovášjelt	3	27.333333333333332	3.3081069585961433	8	7.644440761556566	4.442651256490317
T	emlékjel	emlékjelet	emlékjel	emlékjelet	l	e	292	2141	emlékjelt	emlékjelt	32	9.125	2.211017899468555	8	7.669028288589683	5.780743515792329
T	modellév	modellévet	modellév	modellévet	v	e	75	3114	modellévt	modellévt	3	25	3.2188758248682006	8	8.043663352393944	4.356708826689592
T	szakműhely	szakműhelyet	sakműhej	sakműhejet	j	e	2	3241	szakműhelyt	sakműhejt	174	0.011494252873563218	-4.465908118654584	8	8.083637203141548	5.170483995038151
T	zuhanyfej	zuhanyfejet	zuhaṉfej	zuhaṉfejet	j	e	479	3297	zuhanyfejt	zuhaṉfejt	4	119.75	4.785406236291025	8	8.10076824307173	6.180016653652572
T	légörvény	légörvényet	légörvéṉ	légörvéṉet	ṉ	e	2	3624	légörvényt	légörvéṉt	185	0.010810810810810811	-4.527208644518379	8	8.19533366716287	5.231108616854587
F	négyszögöl	négyszögölet	néḏsögöl	néḏsögölet	l	e	158	4063	négyszögölt	néḏsögölt	146	1.082191780821918	0.07898841131863046	8	8.309676895987726	5.717027701406222
T	virágszál	virágszálot	virágsál	virágsálot	l	o	2	4108	virágszált	virágsált	9	0.2222222222222222	-1.5040773967762742	8	8.32069157104845	2.3978952727983707
T	vesztőhely	vesztőhelyet	vestőhej	vestőhejet	j	e	98	4261	vesztőhelyt	vestőhejt	2	49	3.8918202981106265	8	8.357259153499912	4.605170185988092
T	starthely	starthelyet	štarthej	štarthejet	j	e	293	4724	starthelyt	štarthejt	3	97.66666666666667	4.581560320348958	8	8.460411177317253	5.69035945432406
T	udvarhely	udvarhelyet	udvarhej	udvarhejet	j	e	21	4798	udvarhelyt	udvarhejt	46	0.45652173913043476	-0.7841189587656721	8	8.47595444339964	4.204692619390966
T	tejberizs	tejberizset	tejberiž	tejberižet	ž	e	19	5668	tejberizst	tejberižt	1816	0.010462555066079295	-4.559952579994798	8	8.64259160081057	7.51479976048867
T	népművész	népművészet	népművés	népművéset	s	e	2	5808	népművészt	népművést	61	0.03278688524590164	-3.417726683613366	8	8.666991556504632	4.143134726391533
T	haszonbér	haszonbéret	hasonbér	hasonbéret	r	e	5	7195	haszonbért	hasonbért	385	0.012987012987012988	-4.343805421853684	8	8.881141619321468	5.966146739123692
T	forgórész	forgórészot	forgórés	forgórésot	s	o	5	7967	forgórészt	forgórést	711	0.007032348804500703	-4.95723451736914	8	8.983063289380366	6.573680166960646
T	sportszer	sportszeret	športser	športseret	r	e	16	8627	sportszert	športsert	387	0.041343669250646	-3.1858359707900004	8	9.062652099076578	5.998936561946683
T	tejcukor	tejcukorot	tejcukor	tejcukorot	r	o	24	13522	tejcukort	tejcukort	10	2.4	0.8754687373538999	8	9.512073267650623	3.5263605246161616
T	tanműhely	tanműhelyet	tanműhej	tanműhejet	j	e	30	13994	tanműhelyt	tanműhejt	616	0.048701298701298704	-3.0220495818713644	8	9.546383945305841	6.470799503782602
T	nádcukor	nádcukorot	nádcukor	nádcukorot	r	o	4	19994	nádcukort	nádcukort	19	0.21052631578947367	-1.55814461804655	8	9.903187507527125	3.1354942159291497
T	víztorony	víztoronyot	víztoroṉ	víztoroṉot	ṉ	o	13	20600	víztoronyt	víztoroṉt	11	1.1818181818181819	0.16705408466316624	8	9.933046354777673	3.1780538303479458
T	tábortűz	tábortűzet	tábortűz	tábortűzet	z	e	15	22636	tábortűzt	tábortűzt	8	1.875	0.6286086594223741	8	10.027296838262414	3.1354942159291497
F	mindenes	mindeneset	mindeneš	mindenešet	š	e	7	22637	mindenest	mindenešt	516	0.013565891472868217	-4.300196616426249	8	10.027341014703126	6.259581464064923
T	vásárhely	vásárhelyet	vášárhej	vášárhejet	j	e	113	26727	vásárhelyt	vášárhejt	403	0.2803970223325062	-1.2715487432343424	8	10.193429569388753	6.246106765481563
F	konstans	konstansot	konštanš	konštanšot	nš	o	35	29624	konstanst	konštanšt	663	0.05279034690799397	-2.941426928696449	8	10.296340122593449	6.548219102762372
T	kérdőjel	kérdőjelet	kérdőjel	kérdőjelet	l	e	3385	33853	kérdőjelt	kérdőjelt	40	84.625	4.438229731232439	8	10.42978290070581	8.138856750696325
T	vércukor	vércukorot	vércukor	vércukorot	r	o	2	35276	vércukort	vércukort	3	0.6666666666666666	-0.40546510810816444	8	10.470958125008071	1.6094379124341003
T	talajvíz	talajvízet	talajvíz	talajvízet	z	e	7	36909	talajvízt	talajvízt	3	2.3333333333333335	0.8472978603872037	8	10.516210702728278	2.302585092994046
T	körlevél	körlevélet	körlevél	körlevélet	l	e	2	37680	körlevélt	körlevélt	2	1	0	8	10.5368847286903	1.3862943611198906
T	ellenszer	ellenszeret	ellenser	ellenseret	r	e	32	38650	ellenszert	ellensert	4268	0.007497656982193065	-4.893164709621917	8	10.562302054015568	8.366370301681654
T	zabpehely	zabpehelyet	zabpehej	zabpehejet	j	e	6	47648	zabpehelyt	zabpehejt	100	0.06	-2.8134107167600364	8	10.771595935483736	4.663439094112067
F	referens	referenset	referenš	referenšet	nš	e	40	64846	referenst	referenšt	1289	0.031031807602792862	-3.4727425488252512	8	11.0797705070404	7.192182058713246
T	porcukor	porcukorot	porcukor	porcukorot	r	o	7	70318	porcukort	porcukort	125	0.056	-2.8824035882469876	8	11.1607830905439	4.882801922586371
T	földrajz	földrajzot	földrajz	földrajzot	jz	o	3727	74867	földrajzt	földrajzt	32	116.46875	4.757622996679532	8	11.223468484968208	8.231908243564177
T	ásványvíz	ásványvízet	ášváṉvíz	ášváṉvízet	z	e	147	76634	ásványvízt	ášváṉvízt	2	73.5	4.297285406218791	8	11.24679612147986	5.003946305945459
F	domináns	dominánsot	dominánš	dominánšot	nš	o	4	88676	dominánst	dominánšt	63	0.06349206349206349	-2.7568403652716422	8	11.392744556713843	4.204692619390966
F	reneszánsz	reneszánszot	renesáns	renesánsot	ns	o	616	137912	reneszánszt	renesánst	588	1.0476190476190477	0.04652001563489291	8	11.834371079574815	7.093404625868766
T	nagyváros	nagyvárosot	naḏvároš	naḏvárošot	š	o	43	173191	nagyvárost	naḏvárošt	4064	0.010580708661417323	-4.548722873564755	8	12.062150310711846	8.320448113956559
T	hírlevél	hírlevélet	hírlevél	hírlevélet	l	e	5	554657	hírlevélt	hírlevélt	10	0.5	-0.6931471805599453	8	13.2261051836587	2.70805020110221
F	faustin	faustinot	fauštin	fauštinot	n	o	2	10	faustint	fauštint	6	0.3333333333333333	-1.0986122886681098	7	2.302585092994046	2.0794415416798357
T	tojóhely	tojóhelyet	tojóhej	tojóhejet	j	e	14	80	tojóhelyt	tojóhejt	8	1.75	0.5596157879354227	7	4.382026634673881	3.091042453358316
T	zeneszer	zeneszeret	zeneser	zeneseret	r	e	11	102	zeneszert	zenesert	2	5.5	1.7047480922384253	7	4.624972813284271	2.5649493574615367
T	gyorsrizs	gyorsrizset	ḏoršriž	ḏoršrižet	ž	e	3	236	gyorsrizst	ḏoršrižt	87	0.034482758620689655	-3.367295829986474	7	5.4638318050256105	4.499809670330265
T	szilvaíz	szilvaízet	silvaíz	silvaízet	z	e	15	258	szilvaízt	silvaízt	46	0.32608695652173914	-1.120591195386885	7	5.552959584921617	4.110873864173311
T	anyagszél	anyagszélet	aṉagsél	aṉagsélet	l	e	6	297	anyagszélt	aṉagsélt	9	0.6666666666666666	-0.40546510810816444	7	5.6937321388027	2.70805020110221
T	füttyjel	füttyjelet	füṯṯjel	füṯṯjelet	l	e	45	392	füttyjelt	füṯṯjelt	3	15	2.70805020110221	7	5.971261839790462	3.871201010907891
T	rózsaméz	rózsamézet	róžaméz	róžamézet	z	e	39	611	rózsamézt	róžamézt	2	19.5	2.970414465569701	7	6.415096959171596	3.713572066704308
T	kürtjel	kürtjelet	kürtjel	kürtjelet	l	e	84	655	kürtjelt	kürtjelt	2	42	3.7376696182833684	7	6.484635235635252	4.454347296253507
T	lövőcsel	lövőcselet	lövőčel	lövőčelet	l	e	4	819	lövőcselt	lövőčelt	165	0.024242424242424242	-3.71965111278069	7	6.70808408385307	5.1298987149230735
F	fóliáns	fóliánsot	fóliánš	fóliánšot	nš	o	4	987	fóliánst	fóliánšt	118	0.03389830508474576	-3.3843902633457743	7	6.894670039433482	4.804021044733257
F	tremens	tremenset	tremenš	tremenšet	nš	e	6	1099	tremenst	tremenšt	27	0.2222222222222222	-1.5040773967762742	7	7.002155954403621	3.4965075614664802
T	faluszél	faluszélet	falusél	falusélet	l	e	3	1106	faluszélt	falusélt	3	1	0	7	7.00850518208228	1.791759469228055
T	oldalél	oldalélet	oldalél	oldalélet	l	e	2	1116	oldalélt	oldalélt	5	0.4	-0.916290731874155	7	7.017506142941256	1.9459101490553132
T	aranysas	aranysasot	araṉšaš	araṉšašot	š	o	4	1159	aranysast	araṉšašt	49	0.08163265306122448	-2.505525936990736	7	7.055312843339752	3.970291913552122
F	traverz	traverzet	traverz	traverzet	rz	e	40	1380	traverzt	traverzt	27	1.4814814814814814	0.3930425881096072	7	7.22983877815125	4.204692619390966
F	tangens	tangenset	tangenš	tangenšet	nš	e	2	1382	tangenst	tangenšt	29	0.06896551724137931	-2.6741486494265287	7	7.231287004327616	3.4339872044851463
F	pasziánsz	pasziánszot	pasiáns	pasiánsot	ns	o	98	1483	pasziánszt	pasiánst	135	0.725925925925926	-0.3203072997678575	7	7.301822342137932	5.4510384535657
F	szanitéc	szanitécet	sanitéc	sanitécet	c	e	54	1645	szanitéct	sanitéct	4	13.5	2.6026896854443837	7	7.405495663199472	4.060443010546419
F	szanitéc	szanitécot	sanitéc	sanitécot	c	o	3	1645	szanitéct	sanitéct	4	0.75	-0.2876820724517809	7	7.405495663199472	1.9459101490553132
T	rendjel	rendjelet	rendjel	rendjelet	l	e	244	1691	rendjelt	rendjelt	40	6.1	1.8082887711792655	7	7.43307534889858	5.648974238161206
T	főműhely	főműhelyet	főműhej	főműhejet	j	e	4	1747	főműhelyt	főműhejt	75	0.05333333333333334	-2.9311937524164198	7	7.465655310134056	4.3694478524670215
T	csodajel	csodajelet	čodajel	čodajelet	l	e	529	1894	csodajelt	čodajelt	25	21.16	3.052112606990099	7	7.546446273746024	6.317164686747284
T	néptörzs	néptörzset	néptörž	néptöržet	rž	e	58	1905	néptörzst	néptöržt	2	29	3.367295829986474	7	7.552237287560802	4.0943445622221
T	urnahely	urnahelyet	urnahej	urnahejet	j	e	61	1924	urnahelyt	urnahejt	3	20.333333333333332	3.0122615755052013	7	7.562161631225652	4.1588830833596715
T	szenthely	szenthelyet	senthej	senthejet	j	e	204	2010	szenthelyt	senthejt	2	102	4.624972813284271	7	7.605890001053122	5.327876168789581
T	rejtjel	rejtjelet	rejtjel	rejtjelet	l	e	55	2054	rejtjelt	rejtjelt	2	27.5	3.3141860046725258	7	7.627544390488503	4.04305126783455
F	küklopsz	küklopszot	küklops	küklopsot	ps	o	177	2464	küklopszt	küklopst	2	88.5	4.483002552013883	7	7.80954132465341	5.187385805840755
F	padisah	padisahot	padišah	padišahot	h	o	58	2689	padisaht	padišaht	2	29	3.367295829986474	7	7.896924656268864	4.0943445622221
T	pengeél	pengeélet	pengeél	pengeélet	l	e	9	3207	pengeélt	pengeélt	10	0.9	-0.10536051565782628	7	8.073091199693154	2.9444389791664403
F	kikerics	kikericset	kikerič	kikeričet	č	e	202	3715	kikericst	kikeričt	2	101	4.61512051684126	7	8.220133957151859	5.318119993844216
T	faluhely	faluhelyet	faluhej	faluhejet	j	e	68	4114	faluhelyt	faluhejt	58	1.1724137931034482	0.15906469462968728	7	8.322151070212902	4.836281906951478
T	tetthely	tetthelyet	tetthej	tetthejet	j	e	314	4256	tetthelyt	tetthejt	11	28.545454545454547	3.351497713109883	7	8.35608503102148	5.783825182329737
T	ranghely	ranghelyet	ranghej	ranghejet	j	e	226	4625	ranghelyt	ranghejt	2	113	4.727387818712341	7	8.439231649946526	5.429345628954441
T	hívójel	hívójelet	hívójel	hívójelet	l	e	798	6538	hívójelt	hívójelt	6	133	4.890349128221754	7	8.785386587284156	6.6895992691789665
T	erdőszél	erdőszélet	erdősél	erdősélet	l	e	23	7177	erdőszélt	erdősélt	18	1.2777777777777777	0.2451224580329849	7	8.878636747430072	3.713572066704308
T	rózsavíz	rózsavízet	róžavíz	róžavízet	z	e	15	7972	rózsavízt	róžavízt	3	5	1.6094379124341003	7	8.983690681332686	2.8903717578961645
T	seggfej	seggfejet	šeggfej	šeggfejet	j	e	245	10663	seggfejt	šeggfejt	79	3.1012658227848102	1.1318103580777055	7	9.27453508401818	5.780743515792329
F	sapiens	sapienset	šapienš	šapienšet	nš	e	40	13919	sapienst	šapienšt	330	0.12121212121212122	-2.1102132003465894	7	9.5410100922274	5.91350300563827
F	csimpánz	csimpánzot	čimpánz	čimpánzot	nz	o	81	14768	csimpánzt	čimpánzt	485	0.1670103092783505	-1.7896997362650444	7	9.600217956742634	6.338594078203183
T	özönvíz	özönvízet	özönvíz	özönvízet	z	e	8	16090	özönvízt	özönvízt	7	1.1428571428571428	0.13353139262452257	7	9.685953239986429	2.70805020110221
F	nonszensz	nonszenszet	nonsens	nonsenset	ns	e	32	16551	nonszenszt	nonsenst	69	0.463768115942029	-0.7683706017975328	7	9.71420180194054	4.61512051684126
T	tetőtér	tetőtéret	tetőtér	tetőtéret	r	e	2	58854	tetőtért	tetőtért	8	0.25	-1.3862943611198906	7	10.98281507979237	2.302585092994046
T	zárójel	zárójelet	zárójel	zárójelet	l	e	1188	61587	zárójelt	zárójelt	9	132	4.882801922586371	7	11.028206088288718	7.087573705557973
T	elvtárs	elvtársot	elvtárš	elvtáršot	rš	o	3	85866	elvtárst	elvtáršt	16	0.1875	-1.6739764335716716	7	11.360543220538931	2.9444389791664403
T	férőhely	férőhelyot	férőhej	férőhejot	j	o	2	88378	férőhelyt	férőhejt	2	1	0	7	11.38937834887448	1.3862943611198906
F	fűszeres	fűszereset	fűsereš	fűserešet	š	e	4	90006	fűszerest	fűserešt	507	0.007889546351084813	-4.842216642471293	7	11.407631613756946	6.236369590203704
T	szennyvíz	szennyvízet	seṉṉvíz	seṉṉvízet	z	e	26	117579	szennyvízt	seṉṉvízt	2	13	2.5649493574615367	7	11.674865727072316	3.332204510175204
F	szegmens	szegmenset	segmenš	segmenšet	nš	e	683	164707	szegmenst	segmenšt	6828	0.10002929115407147	-2.302292224343541	7	12.01192341678048	8.924123891686012
T	vételár	vételáret	vételár	vételáret	r	e	2	211867	vételárt	vételárt	55	0.03636363636363636	-3.3141860046725258	7	12.263713998291902	4.04305126783455
T	oklevél	oklevélet	oklevél	oklevélet	l	e	9	244024	oklevélt	oklevélt	6	1.5	0.4054651081081644	7	12.405021860093985	2.70805020110221
F	páciens	pácienset	pácienš	pácienšet	nš	e	98	248198	pácienst	pácienšt	11379	0.008612356094560155	-4.754557351686437	7	12.42198209370245	9.348100311680668
T	lakóhely	lakóhelyet	lakóhej	lakóhejet	j	e	5544	278498	lakóhelyt	lakóhejt	40	138.6	4.931592086755803	7	12.537166156995145	8.627660644442209
F	machin	machinet	machin	machinet	n	e	6	21	machint	machint	2	3	1.0986122886681098	6	3.044522437723423	2.0794415416798357
T	sárhely	sárhelyet	šárhej	šárhejet	j	e	3	69	sárhelyt	šárhejt	3	1	0	6	4.23410650459726	1.791759469228055
T	képhely	képhelyet	képhej	képhejet	j	e	2	79	képhelyt	képhejt	2	1	0	6	4.3694478524670215	1.3862943611198906
T	szárnyél	szárnyélet	sárṉél	sárṉélet	l	e	2	80	szárnyélt	sárṉélt	6	0.3333333333333333	-1.0986122886681098	6	4.382026634673881	2.0794415416798357
T	tyúkmony	tyúkmonyot	ṯúkmoṉ	ṯúkmoṉot	ṉ	o	2	87	tyúkmonyt	ṯúkmoṉt	8	0.25	-1.3862943611198906	6	4.465908118654584	2.302585092994046
F	tikmony	tikmonyot	tikmoṉ	tikmoṉot	ṉ	o	5	234	tikmonyt	tikmoṉt	25	0.2	-1.6094379124341003	6	5.455321115357702	3.4011973816621555
T	díszjel	díszjelet	dísjel	dísjelet	l	e	23	236	díszjelt	dísjelt	8	2.875	1.0560526742493137	6	5.4638318050256105	3.4339872044851463
T	fejtor	fejtorot	fejtor	fejtorot	r	o	25	378	fejtort	fejtort	30	0.8333333333333334	-0.1823215567939546	6	5.934894195619588	4.007333185232471
T	karjel	karjelet	karjel	karjelet	l	e	158	394	karjelt	karjelt	2	79	4.3694478524670215	6	5.976350909297934	5.075173815233827
T	vasszűz	vasszűzet	vassűz	vassűzet	z	e	3	451	vasszűzt	vassűzt	17	0.17647058823529413	-1.7346010553881064	6	6.111467339502679	2.995732273553991
T	pöcsfej	pöcsfejet	pöčfej	pöčfejet	j	e	25	529	pöcsfejt	pöčfejt	2	12.5	2.5257286443082556	6	6.270988431858299	3.295836866004329
T	véghely	véghelyet	véghej	véghejet	j	e	21	685	véghelyt	véghejt	2	10.5	2.3513752571634776	6	6.529418838262226	3.1354942159291497
F	paulin	paulinot	paulin	paulinot	n	o	3	779	paulint	paulint	11	0.2727272727272727	-1.2992829841302609	6	6.658011045870748	2.6390573296152584
T	sajtár	sajtárot	šajtár	šajtárot	r	o	2	826	sajtárt	šajtárt	137	0.014598540145985401	-4.22683374526818	6	6.716594773520978	4.9344739331306915
T	szájszél	szájszélet	sájsél	sájsélet	l	e	26	989	szájszélt	sájsélt	13	2	0.6931471805599453	6	6.8966943316227125	3.6635616461296463
T	anyarozs	anyarozsot	aṉarož	aṉarožot	ž	o	28	1004	anyarozst	aṉarožt	43	0.6511627906976745	-0.4289956055183584	6	6.911747300251674	4.2626798770413155
T	jósjel	jósjelet	jóšjel	jóšjelet	l	e	133	1031	jósjelt	jóšjelt	2	66.5	4.197201947661808	6	6.93828448401696	4.90527477843843
F	lepkész	lepkészet	lepkés	lepkéset	s	e	2	1168	lepkészt	lepkést	13	0.15384615384615385	-1.8718021769015913	6	7.0630481633881725	2.70805020110221
T	sebszél	sebszélet	šebsél	šebsélet	l	e	18	1196	sebszélt	šebsélt	10	1.8	0.5877866649021191	6	7.086737934510577	3.332204510175204
T	vadrizs	vadrizset	vadriž	vadrižet	ž	e	2	1286	vadrizst	vadrižt	272	0.007352941176470588	-4.912654885736052	6	7.1592919047975645	5.6131281063880705
T	sípjel	sípjelet	šípjel	šípjelet	l	e	72	1321	sípjelt	šípjelt	2	36	3.58351893845611	6	7.186144304522325	4.30406509320417
T	lapszél	lapszélet	lapsél	lapsélet	l	e	2	1456	lapszélt	lapsélt	17	0.11764705882352941	-2.1400661634962708	6	7.283448228756631	2.9444389791664403
F	varkocs	varkocsot	varkoč	varkočot	č	o	74	1573	varkocst	varkočt	3	24.666666666666668	3.20545280453606	6	7.360739903058278	4.343805421853684
T	leshely	leshelyet	lešhej	lešhejet	j	e	180	1699	leshelyt	lešhejt	2	90	4.499809670330265	6	7.4377951216719325	5.204006687076795
T	vészjel	vészjelet	vésjel	vésjelet	l	e	238	1747	vészjelt	vésjelt	22	10.818181818181818	2.381228220313159	6	7.465655310134056	5.560681631015528
F	fajansz	fajanszot	fajans	fajansot	ns	o	134	2226	fajanszt	fajanst	9	14.88888888888889	2.700615222614692	6	7.70796153183549	4.962844630259907
F	korhely	korhelyet	korhej	korhejet	j	e	2	2283	korhelyt	korhejt	41	0.04878048780487805	-3.0204248861443626	6	7.733245646529795	3.7612001156935624
T	fényjel	fényjelet	féṉjel	féṉjelet	l	e	205	2312	fényjelt	féṉjelt	7	29.285714285714285	3.377099830083095	6	7.7458682297922685	5.356586274672012
F	pátens	pátenset	pátenš	pátenšet	nš	e	8	2649	pátenst	pátenšt	356	0.02247191011235955	-3.7954891891721947	6	7.88193748927207	5.8971538676367405
F	izomer	izomerot	izomer	izomerot	r	o	6	2662	izomert	izomert	132	0.045454545454545456	-3.0910424533583156	6	7.8868329989550565	4.927253685157205
T	célhely	célhelyet	célhej	célhejet	j	e	232	2723	célhelyt	célhejt	5	46.4	3.8372994592322094	6	7.909489492673759	5.4680601411351315
T	tökfej	tökfejet	tökfej	tökfejet	j	e	154	2963	tökfejt	tökfejt	2	77	4.343805421853684	6	7.993957547573565	5.049856007249537
T	faszfej	faszfejet	fasfej	fasfejet	j	e	69	3090	faszfejt	fasfejt	25	2.76	1.0152306797290584	6	8.035926369891792	4.543294782270004
T	vágóél	vágóélet	vágóél	vágóélet	l	e	29	3192	vágóélt	vágóélt	47	0.6170212765957447	-0.48285177172358457	6	8.068402958569699	4.330733340286331
F	régens	régenset	régenš	régenšet	nš	e	6	3461	régenst	régenšt	142	0.04225352112676056	-3.164067588373206	6	8.149312843635345	4.997212273764115
F	termesz	termeszet	termes	termeset	s	e	94	3618	termeszt	termest	470	0.2	-1.6094379124341003	6	8.193676665955241	6.335054251498059
T	részjegy	részjegyet	résjeḏ	résjeḏet	ḏ	e	411	4347	részjegyt	résjeḏt	8	51.375	3.939151672816399	6	8.377241230988792	6.037870919922137
T	házhely	házhelyet	házhej	házhejet	j	e	1018	4361	házhelyt	házhejt	11	92.54545454545455	4.527699924312097	6	8.380456667842767	6.9363427358340495
T	előőrs	előőrsöt	előőrš	előőršöt	rš	ö	216	4374	előőrst	előőršt	3	72	4.276666119016055	6	8.383433201236713	5.389071729816501
T	össztűz	össztűzet	össtűz	össtűzet	z	e	2	4464	össztűzt	össtűzt	2	1	0	6	8.403800504061147	1.3862943611198906
T	belbecs	belbecset	belbeč	belbečet	č	e	188	4770	belbecst	belbečt	28	6.714285714285714	1.9042374526547452	6	8.470101583882387	5.375278407684165
F	balansz	balanszot	balans	balansot	ns	o	616	4818	balanszt	balanst	104	5.923076923076923	1.7788560643921472	6	8.480114183174816	6.579251212010101
T	bűnjel	bűnjelet	bűnjel	bűnjelet	l	e	567	5772	bűnjelt	bűnjelt	13	43.61538461538461	3.7754099462662154	6	8.660773919893762	6.363028103540465
T	perjel	perjelet	perjel	perjelet	l	e	139	5962	perjelt	perjelt	196	0.7091836734693877	-0.34364072609982554	6	8.693161274238017	5.814130531825066
T	szájvíz	szájvízet	sájvíz	sájvízet	z	e	16	8933	szájvízt	sájvízt	3	5.333333333333333	1.6739764335716716	6	9.09750756370184	2.9444389791664403
T	óvóhely	óvóhelyet	óvóhej	óvóhejet	j	e	1010	9969	óvóhelyt	óvóhejt	16	63.125	4.145116887595524	6	9.207235557022704	6.933423025730715
T	fekhely	fekhelyet	fekhej	fekhejet	j	e	2762	16075	fekhelyt	fekhejt	28	98.64285714285714	4.591505823794034	6	9.68502054910582	7.933796874815411
T	erőtér	erőtéret	erőtér	erőtéret	r	e	2	24988	erőtért	erőtért	6	0.3333333333333333	-1.0986122886681098	6	10.12615098861346	2.0794415416798357
F	mutáns	mutánsot	mutánš	mutánšot	nš	o	6	25703	mutánst	mutánšt	718	0.008356545961002786	-4.7847100998201695	6	10.154362995588228	6.584791392385716
T	belvíz	belvízet	belvíz	belvízet	z	e	2	29936	belvízt	belvízt	5	0.4	-0.916290731874155	6	10.30681704851387	1.9459101490553132
F	bilincs	bilincsöt	bilinč	bilinčöt	nč	ö	2	40063	bilincst	bilinčt	2	1	0	6	10.598208494084364	1.3862943611198906
T	menhely	menhelyet	menhej	menhejet	j	e	1935	41019	menhelyt	menhejt	59	32.79661016949152	3.4903251615581627	6	10.621790652977191	7.597897950521784
F	kilincs	kilincsöt	kilinč	kilinčöt	nč	ö	9	42079	kilincst	kilinčt	4	2.25	0.8109302162163288	6	10.647304082870662	2.5649493574615367
T	előjel	előjelet	előjel	előjelet	l	e	1756	52016	előjelt	előjelt	28	62.714285714285715	4.138589264019858	6	10.859306642543686	7.486613313139955
T	színhely	színhelyet	sínhej	sínhejet	j	e	524	58959	színhelyt	sínhejt	64	8.1875	2.1026086009613705	6	10.984597566068096	6.376726947898627
T	közhely	közhelyet	közhej	közhejet	j	e	3044	63001	közhelyt	közhejt	237	12.843881856540085	2.5528675778464454	6	11.050905878263567	8.0959035329611
T	tűzhely	tűzhelyet	tűzhej	tűzhejet	j	e	5890	68756	tűzhelyt	tűzhejt	499	11.803607214428858	2.4684051808941136	6	11.138319284448048	8.762333040602343
T	lóerős	lóerőset	lóerőš	lóerőšet	š	e	8	82457	lóerőst	lóerőšt	83	0.0963855421686747	-2.339399066116762	6	11.320032224323306	4.51085950651685
T	lakhely	lakhelyet	lakhej	lakhejet	j	e	3767	106272	lakhelyt	lakhejt	32	117.71875	4.768298304892315	6	11.573757124176472	8.242493153187626
T	ivóvíz	ivóvízet	ivóvíz	ivóvízet	z	e	44	115394	ivóvízt	ivóvízt	2	22	3.091042453358316	6	11.65610763863686	3.828641396489095
F	kliens	klienset	klienš	klienšet	nš	e	202	155897	klienst	klienšt	7666	0.026350117401513176	-3.6362825485392958	6	11.956950811756164	8.97055917950895
T	nyugdíj	nyugdíjot	ṉugdíj	ṉugdíjot	j	o	8	461153	nyugdíjt	ṉugdíjt	289	0.02768166089965398	-3.586985146432596	6	13.041485154118146	5.6937321388027
T	székhely	székhelyet	sékhej	sékhejet	j	e	3628	695602	székhelyt	sékhejt	221	16.41628959276018	2.7982741097172745	6	13.452532936673773	8.255568653283746
F	popin	popinot	popin	popinot	n	o	4	26	popint	popint	8	0.5	-0.6931471805599453	5	3.258096538021482	2.4849066497880004
F	pepin	pepinot	pepin	pepinot	n	o	2	28	pepint	pepint	2	1	0	5	3.332204510175204	1.3862943611198906
F	favar	favarot	favar	favarot	r	o	3	41	favart	favart	14	0.21428571428571427	-1.540445040947149	5	3.713572066704308	2.833213344056216
F	rekor	rekorot	rekor	rekorot	r	o	4	70	rekort	rekort	4	1	0	5	4.248495242049359	2.0794415416798357
F	pipin	pipinot	pipin	pipinot	n	o	10	89	pipint	pipint	13	0.7692307692307693	-0.262364264467491	5	4.48863636973214	3.1354942159291497
F	nüánsz	nüánszot	nüáns	nüánsot	ns	o	26	760	nüánszt	nüánst	2	13	2.5649493574615367	5	6.633318433280377	3.332204510175204
F	gneisz	gneiszet	gneis	gneiset	s	e	8	786	gneiszt	gneist	16	0.5	-0.6931471805599453	5	6.666956792429207	3.1780538303479458
T	fafej	fafejet	fafej	fafejet	j	e	17	894	fafejt	fafejt	5	3.4	1.2237754316221157	5	6.795705775173514	3.091042453358316
T	anyaöl	anyaölet	aṉaöl	aṉaölet	l	e	19	924	anyaölt	aṉaölt	24	0.7916666666666666	-0.2336148511815052	5	6.828712071641684	3.7612001156935624
F	kukucs	kukucsot	kukuč	kukučot	č	o	14	1292	kukucst	kukučt	3	4.666666666666667	1.540445040947149	5	7.163946684342547	2.833213344056216
F	mezon	mezonot	mezon	mezonot	n	o	4	1461	mezont	mezont	41	0.0975609756097561	-2.327277705584417	5	7.2868764117507	3.8066624897703196
F	hagin	haginot	hagin	haginot	n	o	5	1819	hagint	hagint	8	0.625	-0.4700036292457356	5	7.506042178518122	2.5649493574615367
F	hűtős	hűtőset	hűtőš	hűtőšet	š	e	3	2217	hűtőst	hűtőšt	3	1	0	5	7.7039102096163115	1.791759469228055
F	nüansz	nüanszot	nüans	nüansot	ns	o	151	2511	nüanszt	nüanst	9	16.77777777777778	2.820055259478705	5	7.828436359157585	5.075173815233827
F	mamusz	mamuszot	mamus	mamusot	s	o	6	2560	mamuszt	mamust	411	0.014598540145985401	-4.22683374526818	5	7.847762537473608	6.0330862217988015
T	főhely	főhelyet	főhej	főhejet	j	e	292	2839	főhelyt	főhejt	2	146	4.983606621708336	5	7.951207156472972	5.683579767338681
F	bridzs	bridzset	bridž	bridžet	dž	e	162	3141	bridzst	bridžt	2	81	4.394449154672439	5	8.052296499538647	5.099866427824199
F	spejz	spejzot	špejz	špejzot	jz	o	20	3158	spejzt	špejzt	35	0.5714285714285714	-0.5596157879354228	5	8.057694194815587	4.007333185232471
F	spejz	spejzet	špejz	špejzet	jz	e	3	3158	spejzt	špejzt	35	0.08571428571428572	-2.456735772821304	5	8.057694194815587	3.6375861597263857
T	arcél	arcélet	arcél	arcélet	l	e	24	4519	arcélt	arcélt	216	0.1111111111111111	-2.1972245773362196	5	8.41604600941128	5.480638923341991
F	prior	priorot	prior	priorot	r	o	2	5161	priort	priort	144	0.013888888888888888	-4.276666119016055	5	8.548885638148727	4.983606621708336
T	útszél	útszélet	útsél	útsélet	l	e	6	5214	útszélt	útsélt	17	0.35294117647058826	-1.041453874828161	5	8.559102594493448	3.1354942159291497
F	föveny	fövenyet	föveṉ	föveṉet	ṉ	e	22	6346	fövenyt	föveṉt	475	0.04631578947368421	-3.072272350676325	5	8.75557997214314	6.208590026096629
F	bekecs	bekecset	bekeč	bekečet	č	e	256	7431	bekecst	bekečt	2	128	4.852030263919617	5	8.91341571815747	5.552959584921617
F	tetős	tetőset	tetőš	tetőšet	š	e	2	7447	tetőst	tetőšt	10	0.2	-1.6094379124341003	5	8.915566545710645	2.4849066497880004
F	bőrös	bőröset	bőröš	bőröšet	š	e	2	7645	bőröst	bőröšt	36	0.05555555555555555	-2.890371757896165	5	8.941807118363164	3.6375861597263857
F	takony	takonyot	takoṉ	takoṉot	ṉ	o	2	7827	takonyt	takoṉt	24	0.08333333333333333	-2.4849066497880004	5	8.965334573804839	3.258096538021482
F	gimis	gimiset	gimiš	gimišet	š	e	2	11323	gimist	gimišt	40	0.05	-2.995732273553991	5	9.33459133431404	3.7376696182833684
F	sügér	sügéret	šügér	šügéret	r	e	8	11387	sügért	šügért	894	0.008948545861297539	-4.716264233493678	5	9.340227632810604	6.804614520062624
F	csapos	csaposot	čapoš	čapošot	š	o	3	12040	csapost	čapošt	386	0.007772020725388601	-4.857225080796721	5	9.395989718862811	5.963579343618446
F	szeánsz	szeánszot	seáns	seánsot	ns	o	1262	14112	szeánszt	seánst	131	9.633587786259541	2.265255719900007	5	9.554780778246572	7.239214973779806
F	spájz	spájzot	špájz	špájzot	jz	o	307	14198	spájzt	špájzt	65	4.723076923076923	1.55246047769156	5	9.560856388599332	5.918893854273146
F	transz	transzot	trans	transot	ns	o	122	16280	transzt	transt	45	2.7111111111111112	0.9973585549629369	5	9.697692639556532	5.117993812416755
F	tövis	töviset	töviš	tövišet	š	e	68	17386	tövist	tövišt	1150	0.059130434782608696	-2.828009516181189	5	9.76342056363901	7.1049654482698426
F	ágens	ágenset	ágenš	ágenšet	nš	e	12	17621	ágenst	ágenšt	740	0.016216216216216217	-4.121743536410215	5	9.77684665156873	6.62273632394984
F	folyós	folyósot	fojóš	fojóšot	š	o	6	19443	folyóst	fojóšt	12	0.5	-0.6931471805599453	5	9.875242387095826	2.8903717578961645
F	szeder	szederet	seder	sederet	r	e	3	25766	szedert	sedert	104	0.028846153846153848	-3.545778610473263	5	10.15681107235147	4.672828834461906
F	vitel	vitelet	vitel	vitelet	l	e	6	26445	vitelt	vitelt	259	0.023166023166023165	-3.765068592471483	5	10.18282238350008	5.579729825986222
F	szőrös	szőröset	sőröš	sőröšet	š	e	2	35814	szőröst	sőröšt	52	0.038461538461538464	-3.258096538021482	5	10.486094157396705	3.9889840465642745
F	betűs	betűset	betűš	betűšet	š	e	5	36014	betűst	betűšt	54	0.09259259259259259	-2.379546134130174	5	10.49166303072945	4.07753744390572
T	csapágy	csapágyot	čapáḏ	čapáḏot	ḏ	o	3	36142	csapágyt	čapáḏt	4	0.75	-0.2876820724517809	5	10.495210902958108	1.9459101490553132
F	szívós	szívósot	sívóš	sívóšot	š	o	2	38306	szívóst	sívóšt	46	0.043478260869565216	-3.1354942159291497	5	10.553361820862607	3.871201010907891
F	parázs	parázsot	paráž	parážot	ž	o	3	39458	parázst	parážt	143	0.02097902097902098	-3.8642323415917974	5	10.582992094054914	4.983606621708336
F	vödör	vödöröt	vödör	vödöröt	r	ö	2	51546	vödört	vödört	44	0.045454545454545456	-3.0910424533583156	5	10.850229891866112	3.828641396489095
F	kebel	kebelet	kebel	kebelet	l	e	5	52095	kebelt	kebelt	103	0.04854368932038835	-3.0252910757955354	5	10.860824253846284	4.68213122712422
F	kapocs	kapocsot	kapoč	kapočot	č	o	7	55557	kapocst	kapočt	9	0.7777777777777778	-0.25131442828090605	5	10.925164799730116	2.772588722239781
F	hévíz	hévízet	hévíz	hévízet	z	e	101	56385	hévízt	hévízt	481	0.20997920997921	-1.5607467532645016	5	10.939958444666388	6.366470447731438
F	csípős	csípőset	čípőš	čípőšet	š	e	19	71575	csípőst	čípőšt	188	0.10106382978723404	-2.292002983663509	5	11.178501129966316	5.332718793265369
F	jeges	jegesot	jegeš	jegešot	š	o	5	78423	jegest	jegešt	102	0.049019607843137254	-3.0155349008501706	5	11.269872530661653	4.672828834461906
F	gödör	gödöröt	gödör	gödöröt	r	ö	15	87623	gödört	gödört	54	0.2777777777777778	-1.2809338454620642	5	11.380798799540031	4.23410650459726
F	árvíz	árvízet	árvíz	árvízet	z	e	39	93796	árvízt	árvízt	12	3.25	1.1786549963416462	5	11.448877490161797	3.9318256327243257
F	kóros	kórosot	kóroš	kórošot	š	o	3	99696	kórost	kórošt	27	0.1111111111111111	-2.1972245773362196	5	11.509880834784003	3.4011973816621555
F	kanál	kanálot	kanál	kanálot	l	o	2	116754	kanált	kanált	21	0.09523809523809523	-2.3513752571634776	5	11.66782443618621	3.1354942159291497
F	kötél	kötélet	kötél	kötélet	l	e	6	122880	kötélt	kötélt	24	0.25	-1.3862943611198906	5	11.718963548381499	3.4011973816621555
F	fejér	fejéret	fejér	fejéret	r	e	10	138868	fejért	fejért	48	0.20833333333333334	-1.5686159179138452	5	11.84127912063105	4.060443010546419
F	sugár	sugárot	šugár	šugárot	r	o	3	155288	sugárt	šugárt	391	0.0076726342710997444	-4.870095271317256	5	11.953036736350928	5.976350909297934
F	pokol	pokolot	pokol	pokolot	l	o	3	181778	pokolt	pokolt	138	0.021739130434782608	-3.828641396489095	5	12.11054144130175	4.948759890378168
F	hűvös	hűvöset	hűvöš	hűvöšet	š	e	15	212779	hűvöst	hűvöšt	363	0.04132231404958678	-3.186352633162641	5	12.268009347369492	5.934894195619588
F	műhely	műhelyet	műhej	műhejet	j	e	975	376614	műhelyt	műhejt	17297	0.05636815632768688	-2.875850884046076	5	12.838976069235416	9.813125112455737
F	haszon	haszonot	hason	hasonot	n	o	2	412868	haszont	hasont	240	0.008333333333333333	-4.787491742782046	5	12.930883208265382	5.488937726156687
F	szobor	szoborot	sobor	soborot	r	o	21	424811	szobort	sobort	97	0.21649484536082475	-1.5301885407799598	5	12.959399643113215	4.770684624465665
F	tükör	tüköröt	tükör	tüköröt	r	ö	6	468625	tükört	tükört	83	0.07228915662650602	-2.627081138568543	5	13.057558154038214	4.48863636973214
F	kenyér	kenyéret	keṉér	keṉéret	r	e	23	498080	kenyért	keṉért	59	0.3898305084745763	-0.9420432279765697	5	13.118515985675435	4.406719247264253
F	cukor	cukorot	cukor	cukorot	r	o	89	584203	cukort	cukort	422	0.2109004739336493	-1.556368944303872	5	13.278003804150254	6.236369590203704
F	vonal	vonalot	vonal	vonalot	l	o	11	844004	vonalt	vonalt	230	0.04782608695652174	-3.040184036124825	5	13.645912512903356	5.484796933490655
F	stósz	stószot	štós	štósot	s	o	4	599	stószt	štóst	11	0.36363636363636365	-1.0116009116784799	4	6.395261598115449	2.70805020110221
F	zsupsz	zsupszot	žups	župsot	ps	o	4	1375	zsupszt	župst	3	1.3333333333333333	0.28768207245178085	4	7.226209010100671	1.9459101490553132
F	pausz	pauszot	paus	pausot	s	o	2	2142	pauszt	paust	137	0.014598540145985401	-4.22683374526818	4	7.669495251007694	4.9344739331306915
F	koksz	kokszot	koks	koksot	ks	o	699	3868	kokszt	kokst	5	139.8	4.94021282979971	4	8.260492856573185	6.556778356158042
F	pléh	pléhet	pléh	pléhet	h	e	55	5327	pléht	pléht	9	6.111111111111111	1.8101086078962514	4	8.580543506917	4.1588830833596715
F	fríz	frízet	fríz	frízet	z	e	2	6241	frízt	frízt	213	0.009389671361502348	-4.66814498514948	4	8.738895704934043	5.3706380281276624
F	félsz	félszet	féls	félset	ls	e	58	6323	félszt	félst	37	1.5675675675675675	0.44952509790219486	4	8.751949058058614	4.553876891600541
F	ítész	ítészet	ítés	ítéset	s	e	3	6847	ítészt	ítést	74	0.04054054054054054	-3.20545280453606	4	8.831565879121063	4.343805421853684
F	birs	birset	birš	biršet	rš	e	789	8783	birst	biršt	9	87.66666666666667	4.473541743509655	4	9.080573313917117	6.682108597449809
F	mersz	merszet	mers	merset	rs	e	190	8935	merszt	merst	6	31.666666666666668	3.455264602932431	4	9.097731427593528	5.278114659230517
F	sansz	sanszot	šans	šansot	ns	o	1292	10458	sanszt	šanst	13	99.38461538461539	4.59899732688101	4	9.255122514748075	7.173958319756794
F	spin	spinot	špin	špinot	n	o	3	12485	spint	špint	313	0.009584664536741214	-4.647590901872044	4	9.432283202713874	5.755742213586912
F	kies	kiesot	kieš	kiešot	š	o	6	13098	kiest	kiešt	34	0.17647058823529413	-1.7346010553881064	4	9.480214825777999	3.6888794541139363
F	fals	falsot	falš	falšot	lš	o	605	16134	falst	falšt	11	55	4.007333185232471	4	9.68868412549692	6.423246963533519
F	fals	falset	falš	falšet	lš	e	2	16134	falst	falšt	11	0.18181818181818182	-1.7047480922384253	4	9.68868412549692	2.5649493574615367
F	szomj	szomjot	somj	somjot	mj	o	10	16328	szomjt	somjt	2	5	1.6094379124341003	4	9.70063670448968	2.4849066497880004
F	hárs	hársot	hárš	háršot	rš	o	70	19071	hárst	háršt	14	5	1.6094379124341003	4	9.855924135604518	4.430816798843313
F	torz	torzot	torz	torzot	rz	o	11	42242	torzt	torzt	2	5.5	1.7047480922384253	4	10.651170265744087	2.5649493574615367
F	ütős	ütőset	ütőš	ütőšet	š	e	8	73764	ütőst	ütőšt	171	0.04678362573099415	-3.062222014822824	4	11.20862608669501	5.187385805840755
F	iker	ikeret	iker	ikeret	r	e	14	83330	ikert	ikert	171	0.08187134502923976	-2.5026062268874014	4	11.330563907376252	5.220355825078324
F	eper	eperet	eper	eperet	r	e	8	89742	epert	epert	33	0.24242424242424243	-1.4170660197866443	4	11.404694165887381	3.713572066704308
F	oláh	oláhot	oláh	oláhot	h	o	41	97210	oláht	oláht	90	0.45555555555555555	-0.7862376036259573	4	11.484628865815115	4.875197323201151
F	mars	marsot	marš	maršot	rš	o	3236	116843	marst	maršt	32	101.125	4.616357375378656	4	11.66858643231036	8.091933455979893
F	bölcs	bölcsöt	bölč	bölčöt	lč	ö	21	250348	bölcst	bölčt	5	4.2	1.4350845252893227	4	12.430607228910523	3.258096538021482
F	törzs	törzsöt	törž	töržöt	rž	ö	21	274003	törzst	töržt	39	0.5384615384615384	-0.6190392084062235	4	12.520894334215377	4.0943445622221
F	völgy	völgyöt	völḏ	völḏöt	lḏ	ö	6	279875	völgyt	völḏt	3	2	0.6931471805599453	4	12.542098353901055	2.1972245773362196
F	nyers	nyerset	ṉerš	ṉeršet	rš	e	76	293790	nyerst	ṉeršt	5	15.2	2.7212954278522306	4	12.59062050538295	4.394449154672439
F	bors	borsot	borš	boršot	rš	o	35568	318878	borst	boršt	412	86.33009708737865	4.4581782868544515	4	12.672563863475121	10.490718507504525
F	kincs	kincsöt	kinč	kinčöt	nč	ö	14	354021	kincst	kinčt	88	0.1590909090909091	-1.8382794848629478	4	12.777111512390327	4.624972813284271
F	olasz	olaszot	olas	olasot	s	o	3	894463	olaszt	olast	159	0.018867924528301886	-3.970291913552122	4	13.70397881718496	5.087596335232384
F	idős	időset	időš	időšet	š	e	14	1066875	időst	időšt	563	0.02486678507992895	-3.6942222985244317	4	13.880244372530843	6.3578422665081
F	erős	erőset	erőš	erőšet	š	e	56	2942245	erőst	erőšt	1949	0.028732683427398667	-3.5497200087724115	4	14.894683453358738	7.60339933974067
F	mán	mánot	mán	mánot	n	o	3	106	mánt	mánt	17	0.17647058823529413	-1.7346010553881064	3	4.663439094112067	2.995732273553991
F	fin	finet	fin	finet	n	e	2	548	fint	fint	8	0.25	-1.3862943611198906	3	6.306275286948016	2.302585092994046
F	mony	monyot	moṉ	moṉot	ṉ	o	2	1010	monyt	moṉt	38	0.05263157894736842	-2.9444389791664407	3	6.917705609835305	3.6888794541139363
F	csúz	csúzot	čúz	čúzot	z	o	2	1451	csúzt	čúzt	66	0.030303030303030304	-3.4965075614664802	3	7.280008252884188	4.219507705176107
F	csíz	csízet	číz	čízet	z	e	2	1600	csízt	čízt	66	0.030303030303030304	-3.4965075614664802	3	7.3777589082278725	4.219507705176107
F	húgy	húgyot	húḏ	húḏot	ḏ	o	89	2038	húgyt	húḏt	2	44.5	3.7954891891721947	3	7.61972421378267	4.51085950651685
F	zagy	zagyot	zaḏ	zaḏot	ḏ	o	258	2272	zagyt	zaḏt	7	36.857142857142854	3.607049435866304	3	7.7284157798410416	5.579729825986222
F	kecs	kecset	keč	kečet	č	e	106	2282	kecst	kečt	2	53	3.970291913552122	3	7.732807530422021	4.68213122712422
F	kecs	kecsot	keč	kečot	č	o	2	2282	kecst	kečt	2	1	0	3	7.732807530422021	1.3862943611198906
F	csecs	csecset	čeč	čečet	č	e	106	4417	csecst	čečt	4	26.5	3.2771447329921766	3	8.393216011596527	4.700480365792417
F	csöcs	csöcsöt	čöč	čöčöt	č	ö	286	5636	csöcst	čöčt	13	22	3.091042453358316	3	8.636929873018572	5.700443573390687
F	dics	dicset	dič	dičet	č	e	6	6438	dicst	dičt	6	1	0	3	8.769973211858753	2.4849066497880004
F	fez	fezot	fez	fezot	z	o	8	9266	fezt	fezt	229	0.034934497816593885	-3.3542804618744038	3	9.134107065976593	5.4680601411351315
F	pöcs	pöcsöt	pöč	pöčöt	č	ö	190	9392	pöcst	pöčt	28	6.785714285714286	1.9148195619852821	3	9.147613542067878	5.384495062789089
F	bej	bejot	bej	bejot	j	o	11	10032	bejt	bejt	167	0.0658682634730539	-2.7200985396183843	3	9.213535262872702	5.181783550292085
F	szil	szilot	sil	silot	l	o	3	10130	szilt	silt	377	0.007957559681697613	-4.833632898779901	3	9.22325659724273	5.940171252720432
F	vész	vészet	vés	véset	s	e	18	11857	vészt	vést	2580	0.0069767441860465115	-4.965172920019499	3	9.380673689458071	7.862497197230545
F	mész	mészet	més	méset	s	e	5	14549	mészt	mést	44	0.11363636363636363	-2.174751721484161	3	9.585277541715389	3.8918202981106265
F	moly	molyet	moj	mojet	j	e	6	18459	molyt	mojt	439	0.01366742596810934	-4.292739943847116	3	9.8233073354086	6.09807428216624
F	moly	molyot	moj	mojot	j	o	5	18459	molyt	mojt	439	0.011389521640091117	-4.475061500641071	3	9.8233073354086	6.095824562432225
F	din	dinot	din	dinot	n	o	18	22161	dint	dint	90	0.2	-1.6094379124341003	3	10.006089266196847	4.68213122712422
F	rozs	rozsot	rož	rožot	ž	o	1409	23675	rozst	rožt	1089	1.2938475665748392	0.2576203889657197	3	10.072174918054278	7.823245690685523
F	rozs	rozset	rož	rožet	ž	e	8	23675	rozst	rožt	1089	0.0073461891643709825	-4.913573581253124	3	10.072174918054278	7.00033446027523
F	rozs	rozset	rož	rožet	ž	e	8	23675	rozsvet	rožvet	2	4	1.3862943611198906	3	10.072174918054278	2.302585092994046
F	bon	bonot	bon	bonot	n	o	35	26940	bont	bont	291	0.12027491408934708	-2.117975205682079	3	10.201367449964355	5.786897381366708
F	gyűr	gyűröt	ḏűr	ḏűröt	r	ö	3	27221	gyűrt	ḏűrt	7	0.42857142857142855	-0.8472978603872037	3	10.211744013223518	2.302585092994046
F	hűs	hűsöt	hűš	hűšöt	š	ö	8	27977	hűst	hűšt	272	0.029411764705882353	-3.5263605246161616	3	10.239138023028598	5.634789603169249
F	zúz	zúzot	zúz	zúzot	z	o	3	28156	zúzt	zúzt	18	0.16666666666666666	-1.791759469228055	3	10.245515754728022	3.044522437723423
F	meny	menyet	meṉ	meṉet	ṉ	e	316	33393	menyt	meṉt	65	4.861538461538461	1.5813549436912748	3	10.416101576161335	5.942799375126701
F	kosz	koszot	kos	kosot	s	o	5	34219	koszt	kost	30	0.16666666666666666	-1.791759469228055	3	10.440536324342396	3.5553480614894135
F	lej	lejet	lej	lejet	j	e	155	37769	lejt	lejt	14365	0.010790114862513052	-4.529124854494143	3	10.53924393931682	9.583282288378786
F	raj	rajot	raj	rajot	j	o	11	41878	rajt	rajt	11	1	0	3	10.642515908352262	3.091042453358316
F	csel	cselet	čel	čelet	l	e	13	43292	cselvet	čelvet	26	0.5	-0.6931471805599453	3	10.675723139415037	3.6635616461296463
F	szíj	szíjot	síj	síjot	j	o	2	45867	szíjt	síjt	7	0.2857142857142857	-1.252762968495368	3	10.733501183228723	2.1972245773362196
F	kegy	kegyet	keḏ	keḏet	ḏ	e	3166	52256	kegyt	keḏt	33	95.93939393939394	4.563716678974477	3	10.863909995770191	8.070593539949519
F	len	lenot	len	lenot	n	o	19	62332	lent	lent	142	0.13380281690140844	-2.01138807843482	3	11.040230216565504	5.081404364984463
F	len	lenet	len	lenet	n	e	10	62332	lent	lent	142	0.07042253521126761	-2.653241964607215	3	11.040230216565504	5.0238805208462765
F	far	farot	far	farot	r	o	11	63278	fart	fart	567	0.019400352733686066	-3.9424640309293815	3	11.05529299637949	6.359573868672378
F	kun	kunot	kun	kunot	n	o	10	81283	kunt	kunt	902	0.011086474501108648	-4.502029427068578	3	11.305692171579992	6.815639990074331
F	szász	szászot	sás	sásot	s	o	3	86075	szászt	sást	214	0.014018691588785047	-4.267363726353742	3	11.362974288206724	5.37989735354046
F	vén	vénet	vén	vénet	n	e	19	92379	vént	vént	413	0.04600484261501211	-3.0790086137945925	3	11.433654959072143	6.068425588244111
F	réz	rézet	réz	rézet	z	e	3	100413	rézt	rézt	129	0.023255813953488372	-3.7612001156935624	3	11.517046959929399	4.882801922586371
F	szűr	szűröt	sűr	sűröt	r	ö	22	109731	szűrt	sűrt	1094	0.02010968921389397	-3.9065535296236105	3	11.605787195221366	7.017506142941256
F	bocs	bocsot	boč	bočot	č	o	387	109995	bocst	bočt	3	129	4.859812404361672	3	11.60819018919601	5.966146739123692
F	düh	dühet	düh	dühet	h	e	4	112589	düht	düht	53	0.07547169811320754	-2.583997552432231	3	11.631499298974271	4.04305126783455
F	mol	molot	mol	molot	l	o	11	173456	molt	molt	1201	0.009159034138218152	-4.693014549281613	3	12.063679243901072	7.10002716662926
F	fax	faxot	fax	faxot	x	o	3390	176218	faxt	faxt	38	89.21052631578948	4.49099904064811	3	12.079477143906763	8.13973227971767
F	rizs	rizset	riž	rižet	ž	e	631	177808	rizst	rižt	50321	0.012539496432900777	-4.378871901449638	3	12.088459595425428	10.838639292051202
F	szűz	szűzet	sűz	sűzet	z	e	163	197921	szűzt	sűzt	23	7.086956521739131	1.9582559848776127	3	12.195623240160034	5.225746673713202
F	lel	lelot	lel	lelot	l	o	2	210443	lelvet	lelvet	3	0.6666666666666666	-0.40546510810816444	3	12.256970111588027	1.6094379124341003
F	fűz	fűzöt	fűz	fűzöt	z	ö	10	225926	fűzt	fűzt	37	0.2702702702702703	-1.3083328196501787	3	12.327962791008009	3.8501476017100584
F	fűz	fűzet	fűz	fűzet	z	e	3	225926	fűzt	fűzt	37	0.08108108108108109	-2.512305623976115	3	12.327962791008009	3.6888794541139363
F	vaj	vajot	vaj	vajot	j	o	4	247875	vajt	vajt	56	0.07142857142857142	-2.639057329615259	3	12.420679865822096	4.0943445622221
F	szán	szánot	sán	sánot	n	o	2	385789	szánt	sánt	128	0.015625	-4.1588830833596715	3	12.863045866864807	4.867534450455582
F	cseh	csehet	čeh	čehet	h	e	28	406349	cseht	čeht	8	3.5	1.252762968495368	3	12.914967675245629	3.58351893845611
F	bán	bánot	bán	bánot	n	o	10	415602	bánt	bánt	310	0.03225806451612903	-3.4339872044851463	3	12.937483350515167	5.768320995793772
F	vas	vasot	vaš	vašot	š	o	9	433512	vast	vašt	558	0.016129032258064516	-4.127134385045092	3	12.979674756480502	6.340359303727752
F	per	peret	per	peret	r	e	50	459496	pervet	pervet	3	16.666666666666668	2.8134107167600364	3	13.037885515625735	3.970291913552122
F	szál	szálot	sál	sálot	l	o	2	476192	szált	sált	35	0.05714285714285714	-2.8622008809294686	3	13.073576413229777	3.6109179126442243
F	köz	közöt	köz	közöt	z	ö	1316	488175	közt	közt	2777	0.4738926899531869	-0.746774375421537	3	13.098429227108698	8.317033476492403
F	köz	közöt	köz	közöt	z	ö	1316	488175	közvet	közvet	366	3.5956284153005464	1.2797187784838964	3	13.098429227108698	7.427738840532894
F	köz	közet	köz	közet	z	e	7	488175	közvet	közvet	366	0.01912568306010929	-3.956723184346053	3	13.098429227108698	5.921578419643816
F	tej	tejot	tej	tejot	j	o	2	514666	tejt	tejt	22	0.09090909090909091	-2.3978952727983707	3	13.151273425561122	3.1780538303479458
F	mar	marot	mar	marot	r	o	84	543061	mart	mart	7975	0.010532915360501568	-4.553250128809732	3	13.204976931464731	8.994544758324512
F	tél	télet	tél	télet	l	e	5	698969	télt	télt	22	0.22727272727272727	-1.4816045409242156	3	13.457361671162397	3.295836866004329
F	bíz	bízot	bíz	bízot	z	o	20	713297	bízt	bízt	20	1	0	3	13.477653162453276	3.6888794541139363
F	szél	szélet	sél	sélet	l	e	290	1119765	szélt	sélt	1719	0.16870273414776032	-1.7796170824023296	3	13.928629399827111	7.605392364814935
F	fény	fényet	féṉ	féṉet	ṉ	e	19	1360892	fényvet	féṉvet	8	2.375	0.8649974374866045	3	14.123650925068349	3.295836866004329
F	hagy	hagyot	haḏ	haḏot	ḏ	o	332	2963878	hagyt	haḏt	494	0.6720647773279352	-0.39740054827143395	3	14.902009103957202	6.716594773520978
F	kor	korot	kor	korot	r	o	5	3066940	korvet	korvet	4	1.25	0.22314355131420976	3	14.93619087981406	2.1972245773362196
F	rész	részet	rés	réset	s	e	34	11723752	részvet	résvet	2	17	2.833213344056216	3	16.27712742739915	3.58351893845611
F	nagy	nagyot	naḏ	naḏot	ḏ	o	6193	20346572	nagyt	naḏt	156	39.69871794871795	3.6813188936885237	3	16.82842300357478	8.75605259917045
F	hogy	hogyot	hoḏ	hoḏot	ḏ	o	17	113447351	hogyt	hoḏt	29	0.5862068965517241	-0.534082485930258	3	18.54684941942435	3.828641396489095
F	íny	ínyet	íṉ	íṉet	ṉ	e	26	40067	ínyt	íṉt	3472	0.007488479262672811	-4.894389537758759	2	10.598308331848083	8.159946655578548
F	egy	egyet	eḏ	eḏet	ḏ	e	25	83188755	egyt	eḏt	356	0.0702247191011236	-2.6560549059838294	2	18.236622740407007	5.942799375126701
